1,부자가 되는 과학적 방법,월레스 D. 와틀스,25500,이담북스
2,주린이도 수익 내는 알짜 주식선정 노하우 9가지 (찾았다! 완전 초보도 할 수 있는 주식투자),설춘환,15300,이레미디어
3,주식 거인들에게 배우는 잃지 않는 투자 원칙 49 (주식 대가들의 ‘원금보전 투자 철학’을 배운다!),김명환,15300,스마트비즈니스
4,허영만의 3천만원 1: 주식에 빠지다 (왕초보 허영만의 주식투자 도전기),허영만,12510,가디언
5,주식 차트 실전 비법 (5가지 키워드를 활용한),시부야 다카오,13500,한국경제신문i
6,두배버는법,장환철,20000,부크크(bookk)
7,오로형 (변호사시험 법원행시 대비),오제현,54000,헤르메스
8,주식투자의 첫걸음은 기업분석부터 (돈버는 투자를 위한 기업분석 6단계),변지희,20700,새로운제안
9,10년 후에도 살아남을 주식에 투자하라 (무극선생과 김민희 앵커가 알려주는 주린이를 위한 실전 투자 교과서),김민희^이승조,17550,새빛
10,2022 원큐패스 미용사 피부 필기 (NCS를 기반으로 직무 중심으로 개편된 2022년 새 출제기준 완벽 반영!),이지안^박규리^임상란^김은숙^김지수,22500,다락원
11,이상하게 쉬운 주식 (주식 초보라면 반드시 읽어야 할 주식투자서),이상우,17100,이상미디랩(이상미디어(주))
12,바이오 투자의 정석(큰글자도서) (개미투자자를 위한 바이오-제약산업 입문서),박한슬,29700,생각의힘
13,올해는 어떤 종목 사지? 2022 증시 뒤흔들 유망주식 30선 (2022 증시 뒤흔들 유망주식 30선),정용택^유승우,0,이데일리
14,공시줍줍 (전지적 투자자 시점에서 건진),김보라^박수익,16200,어바웃어북
15,주식투자 끝장내기,이상우,19800,이상미디랩(이상미디어(주))
16,2022 빅 인사이트 (인포맥스 라이브 톰과 제리의 시장을 이기는 주식 대전망),차영주^김민수,15300,연합인포맥스북스
17,워런 버핏만 알고 있는 주식투자의 비밀 (바로 배워 쉽게 활용하는),메리 버핏^데이비드 클라크,17820,부크온
18,하루 만에 수익 내는 데이트레이딩 3대 타법 (데이트레이더를 위한 실전 차트 매매 기술),유지윤(터틀캠프),22500,북오션
19,순환 장세의 주도주를 잡아라 (리처드 번스타인의 스타일 투자 전략),리차드 번스타인,11900,에프엔미디어
20,투자노트,이상우,10800,이상미디랩(이상미디어(주))
21,"이웃집 워런 버핏, 숙향의 투자 일기 (’연평균 수익률 25%’ 직장인 투자자의 든든한 은퇴 준비기)",숙향,13500,부크온
22,슈퍼개미 마인드 (주식투자만으로 경제적 자유를 얻은 12인의 실전 투자 전략),가이 토머스,14980,인플루엔셜
23,대한민국 주식투자 산업 업종 종합분석,류종현,14220,한국주식가치평가원
24,미국주식 스팩투자법 (스팩투자 최다 질문에 답하는 단 한 권의 책),이명진(리차드),16650,한빛비즈
25,투자의 민낯 (본격 주식투자 뒷담화 에세이),남희한,14400,굿모닝미디어
26,주식가치투자 정석시리즈 : 미래 유망 화장품 산업분야 (2022 개정판),비피기술거래,20700,비티타임즈
27,잠든 사이 월급 버는 미국 주식 투자 (불황을 이기는 가장 확실한 비법),인베스테인먼트,14220,베가북스
28,"주식하는 마음(큰글자도서) (주식투자의 운과 실력, 결국은 마음이다!)",홍진채,39000,유영
29,"AI 퍼스트 (투자의 미래, 인공지능이 답이다)",서재영,15300,더블북
30,대박난 박약사의 실전 투자 (하락장이나 상승장에 상관없이 언제나 최고의 수익률을 올린다!),박종기,16020,이레미디어
31,저가 매수의 기술 (세력처럼 매수해서 묵직하게 수익내는),오버솔드,0,필라멘트북스
32,실전 캔들 매매법 (캔들 패턴 Top 37 하이로우 전환파동으로 최상의 진입과 청산 포인트를 잡는),캔들마스터,45000,이레미디어
33,실전에서 바로 써먹는 패턴매매기법 주식 투자,장영한^김성재^장호철^김기태,15300,한국경제신문i
34,주식시장을 더 이기는 마법의 멀티플 (그린블랫의 마법공식을 능가하는 칼라일의 신마법공식),토비아스 칼라일,10620,에프엔미디어
35,미국주식 어디에 투자할까 (쉿! 투자이론서에 없는 실제 기업정보),도키,18000,국일증권경제연구소
36,한경무크 8대 증권사 추천 해외 명품 주식 50선,한국경제신문 특별취재팀,18000,한국경제신문
37,저평가 우량주 투자지도 (쌀 때 사서 비쌀 때 파는),한국비즈니스정보,16020,어바웃어북
38,"개미도 무조건 돈 버는 주식투자, ETF가 답이다(큰글씨책) (시장을 이기는 강력한 전략, 최고의 ETF를 찾아라)",안석훈^오기석,27550,예문
39,"워런 버핏, 부의 기본 원칙 (워런 버핏의 오늘을 만든 투자의 기본)",제레미 밀러,14300,북하우스
40,"주식 네 이놈: 기초편 (주식 투자, 첫 습관이 좌우한다)",문제룡,13320,지서연
41,주식은 그렇게 하는 게 아닙니다 (백만개미를 위한 이기는 습관),한세구,15300,쌤앤파커스
42,패턴매매기법으로 최적의 매수 타이밍을 찾아라!,장영한^장호철,15300,한국경제신문i
43,지금부터 주식공부 다시 시작이다 (투자에 성공한 감은숙 따라하기),감은숙,15300,타래
44,"바퀴 달린 것에 투자하라 (앞으로 10년 모빌리티 시대, 자동차 산업 주식투자 전략)",김필수^강흥보,16200,베가북스
45,"박 회계사처럼 공모주 투자하기 (초저금리 시대의 가장 확실한 재테크, 공모주 투자의 모든 것)",박동흠,13950,트로이목마
46,선물 옵션투자의 이론과 전략 (제10판),존 C. 헐,40180,퍼스트북
47,워렌 버핏의 8가지 투자전략과 대한민국 스노우볼 30 (가장 완벽한 해설 가장 엄선된 스노우볼),류종현,13600,한국주식가치평가원
48,메타버스 글로벌 해외선물&코스피200 위클리옵션전략,박현수,16000,글로벌
49,오늘의 주식 (이슈를 읽으면 종목이 보인다),효라클(김성효),16200,토네이도
50,주식 네 이놈 2: 기법편 (오를 수밖에 없는 차트가 있다),문제룡,16500,지서연
51,태쏘의 주식투자바이블 (직장인과 전업투자자를 위한 실전주식투자 비법서),태쏘,24300,가이아의어깨
52,찰스 슈왑 투자 불변의 법칙 (주식투자와 대중화를 이끈 찰스 슈왑의 투자 원칙과 철학),찰스 슈왑,20700,비즈니스북스
53,실전투자의 비밀 (실전수익률 투자대회 8회 연속 수상자의),김형준,0,이레미디어
54,초보자를 위한 실전투자의 비밀 세트 (초보탈출 투자실력 업그레이드),김형준,0,이레미디어
55,실전투자의 비밀 (실전투자대회 8회 연속 수상자의),김형준,0,이레미디어
56,나는 카지노에서 투자를 배웠다,최성락,15120,페이퍼로드
57,"미국주식 스몰캡 인사이드 2021(큰글씨책) (언택트 시대, 수익률의 신화가 될 성장주를 찾아라!)",안석훈^김동식^강범준^최아원,29250,예문
58,트렌드를 알면 지금 사야 할 미국 주식이 보인다 (최고의 애널리스트가 미국 현지에서 분석한 미국 산업 트렌드와 주목해야 하는 기업 32),최중혁,16920,한즈미디어(한스미디어)
59,ROE 분석 (이 기업은 얼마나 투자해 얼마나 버는 걸까?),고미야 가즈요시,13500,이콘
60,주식의 심리 (돈이 되는 인문학),전인구,12150,살림
61,"주식  매매하는 법 (주식투자위 영원한 고전, 무삭제 완역 출간)",제시 리버모어,0,이레미디어
62,실전 차트 매매 기법,조용,25200,이레미디어
63,피라미딩 전략 (제시 리버모어 매매기법 완벽 해설),제시 리버모어,0,이레미디어
64,메타버스 팬마인 주식투자,팬마인 편집부,16000,팬마인
65,한경무크 엄마 아빠 함께하는 슬기로운 주식생활 (엄마 아빠 함께하는),한경 경제교육연구소 기획 제작팀,12600,한국경제신문
66,업계지도(2020~2021) (투자 고수들의 업종별 재무제표 독해법),한국비즈니스정보,6600,어바웃어북
67,주식은 어떻게 움직이는가 (20년 연속 초보 투자자의 바이블),마이클 버켓,14400,더난출판사
68,"ESG 투자의 시대 (앞으로 10년, 미래를 지배할 투자와 경영)",송주형^최진석^전홍민,6600,북오션
69,워런 버핏처럼 적정주가 구하는 법,이은원,16200,부크온
70,"주식, 사자처럼 투자하고 거북이처럼 간다 (이것만 미리 알았어도 좋았을 것들)",이헌상,14400,타래
71,구루들의 투자법 (대가들이 말하는 가치투자의 정석),찰리 티안,9720,이콘
72,"주식 시장의 속성 (시장을 알아야 투자가 보인다 | 주식투자의 첫걸음, 시장을 이해하는것부터)",이창훈,13500,지식노마드
73,모르면 호구 되는 주식상식 (난생 처음 주식창을 열기 전에 꼭 알아야 할 최소한의 주식상식 떠먹여드림),곽세연,14850,한스미디어
74,초보자도 고수되는 가상화폐 완전정복 (실전에서 바로 써먹는 가상화폐 실전 바이블),박대호(크맨)^황동규^찰리,19800,북오션
75,한 권으로 끝내는 정치테마주 (정치는 어떻게 주가를 움직이는가?),최기운^이창민^김종혁,29700,북오션
76,나는 거인의 어깨 위에서 주식투자를 한다 (아무리 시장이 혼란스러워도 흔들리지 않고 상승차트를 따라 황소처럼 앞으로 나아가라!),저스틴 월쉬,14400,나비의활주로
77,처음 해외주식 (종목 고르기부터 매매 전략까지),앙찌(장은아),14400,이콘
78,명품 투자기법으로 매월 월급만들기 노하우 33 (국내 최초 연상법으로 외우는 33가지 기법),김종철,22500,좋은땅
79,월급쟁이 재테크 상식사전 (회사일이 바빠서 재테크는 뒷전인 당신에게),우용표,11700,길벗
80,"한눈에 쏙쏙 주린이 주식 과외하기 (주식을 하려면 꼭 알아야 할 종목 선택, 매도&매수 타이밍, 기업 분석 등을 실전 사례로 배운다!)",장우진,14850,경향BP
81,미국주식 S&P 500 가이드북 (당신이 잠든 사이 돈 벌어 주는),인베스테인먼트,28800,무한
82,통찰의 투자: 주식편(큰글씨책) (30년차 투자 전략가가 알려주는 돈의 흐름과 투자의 원칙),박재훈,32300,예문
83,나는 잠자는 동안에도 해외주식으로 돈 번다 (부자 될 주린이를 위한 해외투자 성공 7법칙),주이슬,14850,굿웰스북스
84,주식투자에 꼭 필요한 산업 이야기 (반도체·바이오·이차전지),강경래,16200,답
85,허영만의 6000만원 1: 박스권 하단에서 매수하라 (박스권 하단에서 매수하라),허영만,9720,가디언
86,48일 완성 주린이 탈출기 (주린이에서 슈퍼개미로 성장하는 가장 쉬운 주식 가이드),이권복(꿈꾸는 자본가),15300,라온북
87,승률 80% 신 매매기법 (실전 수익률게임대회 2회 우승으로 검증한),성경호,25800,이레미디어
88,"가치 투자 전문가와 주식 같이 투자 (차트의 가치, 이슈의 가치, 재무의 가치)",임정우,18000,한국경제신문사(한경비피)
89,주식 명저 15,전영수,14400,원앤원북스
90,"재무제표로 보는 업종별 투자전략 (통신 산업부터 지주회사까지, 투자자를 위한 10개 업종 재무제표 분석법)",박동흠,22500,트로이목마
91,서울대 엄마의 첫 주식 수업 (덧셈 뺄셈만 알면 누구나 시작할 수 있는 주식 투자법),주우진,14400,슬로디미디어
92,"대한민국 바이오 투자 (바이오, 반도체를 넘보다)",황만순,15300,리치캠프
93,한 권으로 끝내는 정치테마주(큰글자책) (정치는 어떻게 주가를 움직이는가?),최기운^이창민^김종혁,40500,북오션
94,불곰의 주식투자 불패공식 (60개 매도종목 평균 수익률 62%),불곰^박선목,14400,부키
95,이것이 공매도다 (예측과 통찰로 금융을 읽는 공매도의 모든 것),이관휘,16030,21세기북스
96,주식의 신 100법칙 (이기는 투자의 백 가지 철칙 | 돈을 잃어본 사람만이 아는 상승 법칙),이시이 카츠토시,11500,지상사
97,프라임 PB의 실전 주식투자,류재용^김철영,16200,이콘
98,"개미도 무조건 돈 버는 주식투자 ETF가 답이다 (시장을 이기는 강력한 전략, 최고의 ETF를 찾아라)",안석훈^오기석,14400,예문
99,독일 개미가 한국 개미에게: 주식시장에 대한 두려움을 극복하고 당신의 돈을 불리는 법 (주식시장에 대한 두려움을 극복하고 당신의 돈을 불리는 법),크리스티안 틸,16200,마인드큐브
100,"불황의 시대, 미국주식에서 답을 찾다(큰글씨책) (현지 고수들이 말하는 진짜 미국 시장과 투자 이야기)",미국주식에 미치다 해외통신원,25200,예문
